Customer_id,Email,Fistname,Lastname,gender,Birthdate,Credits
1,dbeaudry0@latimes.com,Dillie,Beaudry,Male,09/22/2020,51
2,pmckilroe1@scribd.com,Pauline,McKilroe,Female,05/18/2022,47
3,twloch2@icq.com,Tracee,Wloch,Female,05/22/2022,54
4,gfroud3@merriam-webster.com,Gillian,Froud,Female,09/26/2021,57
5,bscorey4@eepurl.com,Biddie,Scorey,Female,04/14/2021,47
6,dstrutt5@adobe.com,Dyanna,Strutt,Female,12/13/2021,35
7,cfildes6@prweb.com,Cherry,Fildes,Female,02/04/2021,64
8,gliddington7@technorati.com,Genny,Liddington,Agender,08/27/2020,67
9,cwhelan8@constantcontact.com,Cristie,Whelan,Female,12/13/2020,42
10,mmcauliffe9@dropbox.com,Merell,McAuliffe,Male,08/22/2020,43
11,ddrinkela@a8.net,Douglas,Drinkel,Male,09/09/2021,77
12,sdavitashvilib@google.fr,Sindee,Davitashvili,Female,11/19/2020,86
13,kbretellec@skype.com,Kain,Bretelle,Male,11/02/2020,94
14,rniasd@ibm.com,Rhodia,Nias,Female,03/16/2022,89
15,kvarname@chicagotribune.com,Katinka,Varnam,Female,06/15/2021,24
16,nnellesf@sfgate.com,Nickey,Nelles,Male,10/05/2020,71
17,uborrowg@newyorker.com,Ulysses,Borrow,Male,07/14/2021,69
18,csheardownh@uol.com.br,Calhoun,Sheardown,Male,05/09/2022,60
19,dcoldbathi@goo.gl,Dal,Coldbath,Male,09/17/2021,64
20,mkingsburyj@toplist.cz,Merill,Kingsbury,Male,05/19/2022,40
21,aghiraldik@house.gov,Arleyne,Ghiraldi,Female,03/01/2021,67
22,rchessill@engadget.com,Ruy,Chessil,Male,09/07/2021,16
23,jallibonm@dot.gov,Joby,Allibon,Female,11/26/2020,34
24,sumfreyn@rediff.com,Steffane,Umfrey,Agender,09/13/2021,67
25,lbohino@google.com.au,Letta,Bohin,Female,05/22/2021,80
26,lloudyanp@facebook.com,Lorena,Loudyan,Female,11/12/2021,97
27,rsnarieq@squarespace.com,Robbi,Snarie,Female,06/05/2021,50
28,jboldisonr@huffingtonpost.com,Jolyn,Boldison,Female,10/29/2021,53
29,btillots@odnoklassniki.ru,Blake,Tillot,Male,09/19/2021,66
30,tsteggalst@businessinsider.com,Toma,Steggals,Female,10/06/2021,78
31,ntupperu@yellowpages.com,Ninon,Tupper,Bigender,02/23/2021,41
32,asolav@tinypic.com,Alica,Sola,Female,09/10/2020,52
33,dprowsew@google.co.jp,Delmor,Prowse,Bigender,03/09/2022,27
34,asturgisx@marketwatch.com,Arlene,Sturgis,Female,05/31/2021,27
35,fbraunley@engadget.com,Floris,Braunle,Female,09/19/2020,72
36,madriaensz@economist.com,Margalit,Adriaens,Female,12/02/2021,70
37,lharrower10@networkadvertising.org,Lynna,Harrower,Bigender,04/12/2021,41
38,hfarthin11@wikipedia.org,Hallie,Farthin,Female,11/18/2021,18
39,otimmermann12@wordpress.org,Olympia,Timmermann,Female,12/26/2020,92
40,eapedaile13@mail.ru,Elna,Apedaile,Female,04/27/2022,46
41,rplummer14@ebay.com,Ronnica,Plummer,Female,02/28/2021,1
42,vcorradino15@hao123.com,Vinnie,Corradino,Male,12/25/2021,41
43,jcarlill16@homestead.com,Jayme,Carlill,Female,10/05/2020,92
44,bhuxtable17@yandex.ru,Bonny,Huxtable,Female,10/21/2020,97
45,tdemsey18@woothemes.com,Tracy,Demsey,Female,01/18/2021,20
46,bmallinson19@indiatimes.com,Brew,Mallinson,Male,09/18/2020,67
47,cguerin1a@shop-pro.jp,Clifford,Guerin,Male,09/02/2020,51
48,dfrontczak1b@hugedomains.com,Davis,Frontczak,Male,01/15/2022,35
49,bhabert1c@nhs.uk,Broddy,Habert,Male,12/28/2020,38
50,swallerbridge1d@cloudflare.com,Sherye,Waller-Bridge,Female,07/08/2021,46
51,ccovotti1e@usa.gov,Cordelia,Covotti,Female,03/26/2021,86
52,dbradder1f@discovery.com,Dannel,Bradder,Male,01/01/2022,67
53,ifaulconbridge1g@yahoo.co.jp,Ingunna,Faulconbridge,Female,11/19/2020,87
54,bobrian1h@miibeian.gov.cn,Barry,O' Brian,Male,11/26/2021,42
55,gdanet1i@samsung.com,Goldarina,Danet,Female,07/15/2021,63
56,switherop1j@youtu.be,Saba,Witherop,Female,12/08/2020,3
57,rlarraway1k@springer.com,Ramsay,Larraway,Male,06/27/2021,77
58,lmayall1l@sphinn.com,Loretta,Mayall,Female,02/25/2021,37
59,afarris1m@cocolog-nifty.com,Adolph,Farris,Male,01/13/2021,99
60,kfeitosa1n@omniture.com,Kennedy,Feitosa,Non-binary,09/16/2021,82
61,eorteaux1o@statcounter.com,Erastus,Orteaux,Male,10/02/2021,48
62,rlismore1p@squarespace.com,Raphael,Lismore,Male,07/08/2021,33
63,troad1q@msu.edu,Talya,Road,Genderqueer,02/14/2021,35
64,nalans1r@wired.com,Nicholle,Alans,Female,05/14/2022,40
65,msilvester1s@usa.gov,Magnum,Silvester,Male,08/19/2020,30
66,schatelet1t@free.fr,Sanders,Chatelet,Male,05/26/2021,33
67,ggovey1u@de.vu,Gwendolen,Govey,Bigender,10/07/2021,65
68,sgillis1v@harvard.edu,Shurwood,Gillis,Genderfluid,10/25/2020,68
69,lvooght1w@163.com,Latrena,Vooght,Female,11/06/2020,57
70,bforber1x@drupal.org,Brook,Forber,Male,11/13/2020,43
71,sgouldstone1y@berkeley.edu,Sandie,Gouldstone,Female,04/20/2022,55
72,tughelli1z@economist.com,Theadora,Ughelli,Non-binary,05/19/2022,17
73,skeggin20@tinyurl.com,Shelby,Keggin,Female,07/24/2021,55
74,zgurdon21@uiuc.edu,Zolly,Gurdon,Male,09/16/2020,96
75,qfrunks22@ehow.com,Quintin,Frunks,Male,03/07/2022,44
76,tpembry23@addtoany.com,Theodoric,Pembry,Polygender,01/07/2021,98
77,mmacranald24@mozilla.org,Meg,MacRanald,Female,11/22/2021,19
78,rleal25@ow.ly,Robinetta,Leal,Female,10/23/2021,4
79,ovandenvelde26@dailymotion.com,Orelia,Van den Velde,Female,05/24/2021,95
80,jlaybourne27@bing.com,Jilli,Laybourne,Female,02/20/2021,46
81,dbelasco28@aboutads.info,Doyle,Belasco,Male,01/15/2021,97
82,akiloh29@myspace.com,Anders,Kiloh,Male,12/22/2021,57
83,sologhlen2a@soup.io,Sallyanne,O'Loghlen,Female,09/28/2020,52
84,gpleass2b@altervista.org,Godfrey,Pleass,Male,04/01/2022,12
85,cdegoix2c@moonfruit.com,Charlena,Degoix,Female,02/18/2021,5
86,fthirlaway2d@dropbox.com,Farlie,Thirlaway,Male,02/23/2022,28
87,nthoresby2e@blogtalkradio.com,Nona,Thoresby,Female,11/07/2021,41
88,clook2f@msu.edu,Cassandre,Look,Female,01/08/2022,43
89,konge2g@booking.com,Karleen,Onge,Female,01/07/2022,44
90,dcammomile2h@intel.com,Dudley,Cammomile,Male,02/11/2021,84
91,pdomingues2i@aol.com,Paolo,Domingues,Male,02/17/2022,1
92,gzelner2j@last.fm,Gerti,Zelner,Female,10/05/2020,74
93,tmccaskill2k@desdev.cn,Tracie,McCaskill,Male,01/15/2022,82
94,bmckmurrie2l@state.gov,Berkie,McKmurrie,Male,09/13/2020,87
95,sgrint2m@homestead.com,Simmonds,Grint,Male,02/16/2021,62
96,pgergus2n@csmonitor.com,Patricio,Gergus,Male,09/21/2021,90
97,mdennett2o@businesswire.com,Milicent,Dennett,Female,11/26/2021,50
98,hrowesby2p@washingtonpost.com,Had,Rowesby,Male,05/18/2021,23
99,tmckeeman2q@chicagotribune.com,Tamar,McKeeman,Female,09/11/2021,53
100,abee2r@rambler.ru,Ardra,Bee,Female,10/07/2020,65
101,kcarmel2s@canalblog.com,Korella,Carmel,Female,02/15/2022,1
102,bbartomeu2t@apple.com,Brynne,Bartomeu,Female,04/26/2021,85
103,ogossart2u@google.nl,Opaline,Gossart,Female,09/07/2020,45
104,ahartzog2v@ebay.co.uk,Astrix,Hartzog,Female,02/06/2021,48
105,mliles2w@ask.com,Maxie,Liles,Bigender,06/09/2021,96
106,mlukovic2x@prweb.com,Marc,Lukovic,Male,01/03/2021,31
107,gbernhardi2y@auda.org.au,Glenine,Bernhardi,Female,10/30/2020,96
108,yrubin2z@barnesandnoble.com,Yurik,Rubin,Male,10/31/2021,89
109,wprys30@virginia.edu,Winfield,Prys,Male,04/05/2022,6
110,cpantling31@i2i.jp,Christophe,Pantling,Polygender,08/31/2021,68
111,ebenard32@imageshack.us,Essa,Benard,Female,07/05/2021,63
112,rworswick33@techcrunch.com,Ronny,Worswick,Female,05/09/2022,6
113,cfogt34@jalbum.net,Cully,Fogt,Male,03/20/2021,24
114,lpidler35@1und1.de,Liva,Pidler,Female,09/16/2021,34
115,ahaddow36@prnewswire.com,Adelaide,Haddow,Female,01/08/2022,15
116,abotte37@about.me,Alene,Botte,Female,12/22/2021,62
117,kpennyman38@cnbc.com,Krishnah,Pennyman,Bigender,08/16/2021,5
118,eoldall39@tamu.edu,Eugene,Oldall,Male,03/29/2022,91
119,homoylan3a@taobao.com,Happy,O'Moylan,Female,10/30/2020,84
120,ganderl3b@gravatar.com,Gerta,Anderl,Non-binary,09/14/2021,73
121,godowd3c@addthis.com,Gunar,O'Dowd,Male,12/21/2020,20
122,melger3d@google.co.jp,Morey,Elger,Male,04/23/2021,1
123,nlaurenson3e@theguardian.com,Norrie,Laurenson,Female,08/29/2020,27
124,stootal3f@howstuffworks.com,Sallyanne,Tootal,Female,01/15/2021,100
125,hambrogioni3g@macromedia.com,Hedvig,Ambrogioni,Female,02/27/2021,97
126,egabbidon3h@jigsy.com,Elliott,Gabbidon,Male,11/18/2020,70
127,ldimbylow3i@google.com.br,Linet,Dimbylow,Female,10/14/2020,58
128,cforde3j@symantec.com,Chen,Forde,Genderqueer,12/19/2021,26
129,edirkin3k@arizona.edu,Elfrieda,Dirkin,Female,04/14/2021,54
130,kcoe3l@goo.ne.jp,Kenon,Coe,Male,02/28/2022,15
131,sbrendish3m@mlb.com,Shandeigh,Brendish,Female,09/25/2021,51
132,dramalhete3n@nydailynews.com,Druci,Ramalhete,Non-binary,01/11/2022,38
133,mobey3o@utexas.edu,Mindy,Obey,Female,01/19/2021,49
134,clittley3p@answers.com,Clerissa,Littley,Female,04/21/2021,17
135,kblissett3q@guardian.co.uk,Karleen,Blissett,Genderfluid,05/06/2022,75
136,sstallen3r@dmoz.org,Sidney,Stallen,Male,12/17/2021,11
137,rtruesdale3s@free.fr,Reuven,Truesdale,Male,08/21/2021,30
138,sjeavon3t@sphinn.com,Shirleen,Jeavon,Female,09/06/2020,68
139,sfulmen3u@mlb.com,Samson,Fulmen,Genderfluid,10/28/2020,80
140,lwithur3v@bravesites.com,Lita,Withur,Female,03/29/2022,78
141,mmckeand3w@prweb.com,Maureene,McKeand,Female,04/30/2022,96
142,cperche3x@miitbeian.gov.cn,Charin,Perche,Female,03/20/2021,66
143,zpennetta3y@last.fm,Zahara,Pennetta,Female,09/21/2020,38
144,lwallice3z@marriott.com,Lonnie,Wallice,Female,05/17/2021,33
145,sbarhem40@nytimes.com,Sheena,Barhem,Female,01/07/2022,44
146,rryott41@indiegogo.com,Ronni,Ryott,Female,07/16/2021,74
147,bbirkenshaw42@dot.gov,Babbette,Birkenshaw,Female,12/24/2020,100
148,nkempe43@usatoday.com,Nancee,Kempe,Female,05/29/2021,81
149,dgirvan44@jimdo.com,Decca,Girvan,Male,12/30/2021,62
150,selks45@psu.edu,Sonnie,Elks,Male,03/19/2022,4
151,jshall46@phoca.cz,Jackson,Shall,Male,12/18/2020,56
152,slavers47@parallels.com,Sammy,Lavers,Polygender,04/08/2021,5
153,darghent48@ft.com,Demetre,Arghent,Male,12/04/2021,9
154,bgurwood49@admin.ch,Bancroft,Gurwood,Bigender,03/05/2022,74
155,dwegenen4a@jigsy.com,Dione,Wegenen,Genderqueer,02/09/2021,46
156,sdillistone4b@spotify.com,Seward,Dillistone,Male,09/01/2021,59
157,sblyde4c@pagesperso-orange.fr,Shepard,Blyde,Male,06/10/2021,82
158,kgorrick4d@omniture.com,Kirby,Gorrick,Male,08/30/2020,61
159,ckidsley4e@wix.com,Caryl,Kidsley,Female,04/10/2021,26
160,sphilcott4f@deviantart.com,Sid,Philcott,Male,05/17/2022,30
161,crevie4g@netlog.com,Charlena,Revie,Female,01/30/2022,50
162,cflippen4h@paginegialle.it,Caresa,Flippen,Female,01/11/2021,80
163,jgorden4i@mashable.com,Jobyna,Gorden,Female,10/30/2021,95
164,dblackney4j@bbb.org,Darlene,Blackney,Female,05/11/2021,57
165,jgarment4k@wufoo.com,Jorry,Garment,Female,04/27/2022,43
166,agilardone4l@ow.ly,Adrien,Gilardone,Male,05/30/2021,79
167,dings4m@wordpress.com,Dennie,Ings,Male,09/25/2021,65
168,pmacfadden4n@smh.com.au,Phelia,MacFadden,Female,05/11/2022,11
169,caronstam4o@weibo.com,Crawford,Aronstam,Male,10/19/2020,60
170,bstrettell4p@census.gov,Brandea,Strettell,Female,10/30/2021,27
171,dgibbs4q@mac.com,Dory,Gibbs,Male,04/04/2022,85
172,jyoodall4r@geocities.jp,Jamison,Yoodall,Male,12/15/2020,22
173,ckarpets4s@dagondesign.com,Charil,Karpets,Female,02/20/2022,44
174,ddixey4t@acquirethisname.com,Dyana,Dixey,Female,12/12/2020,29
175,abails4u@businessweek.com,Antonino,Bails,Male,08/28/2021,80
176,praddish4v@weather.com,Phillip,Raddish,Male,07/25/2021,22
177,mrignall4w@eventbrite.com,Myrtia,Rignall,Female,06/06/2021,73
178,ccoller4x@miibeian.gov.cn,Cherey,Coller,Female,11/15/2020,69
179,estoop4y@umn.edu,Ely,Stoop,Male,11/02/2021,3
180,landerer4z@jalbum.net,Lief,Anderer,Male,12/31/2021,43
181,gskittle50@addtoany.com,Gleda,Skittle,Polygender,08/27/2020,84
182,ahonack51@bloomberg.com,Annabelle,Honack,Female,05/03/2021,85
183,rjust52@over-blog.com,Rozanne,Just,Female,11/28/2021,61
184,mgwillim53@fc2.com,Melodee,Gwillim,Female,02/18/2022,70
185,kbelsher54@indiatimes.com,Karlyn,Belsher,Female,03/04/2021,30
186,frosten55@icq.com,Fifi,Rosten,Female,03/10/2021,48
187,aflucks56@noaa.gov,Aharon,Flucks,Male,06/04/2021,53
188,mollerton57@devhub.com,Mellicent,Ollerton,Polygender,01/30/2022,58
189,dslay58@google.es,Del,Slay,Male,09/24/2020,72
190,ncove59@hc360.com,Nikki,Cove,Male,08/15/2021,89
191,ggoldsberry5a@networksolutions.com,Gian,Goldsberry,Male,02/24/2022,67
192,kmilley5b@hud.gov,Kat,Milley,Bigender,05/25/2022,55
193,ltelezhkin5c@ocn.ne.jp,Lacie,Telezhkin,Genderfluid,03/06/2021,90
194,ffoye5d@tripod.com,Franciskus,Foye,Male,12/27/2020,7
195,grignall5e@pinterest.com,Gwendolen,Rignall,Polygender,04/01/2021,76
196,bbergstram5f@princeton.edu,Beatrice,Bergstram,Female,01/18/2021,53
197,nlaidler5g@t.co,Nataniel,Laidler,Male,04/09/2021,86
198,yhaggath5h@delicious.com,Yanaton,Haggath,Male,10/05/2020,15
199,bcluely5i@jimdo.com,Barb,Cluely,Female,02/27/2022,25
200,epennycock5j@usa.gov,Evie,Pennycock,Female,02/23/2021,89
201,khalifax5k@microsoft.com,Karol,Halifax,Female,02/10/2022,27
202,kcanlin5l@cnbc.com,Kerby,Canlin,Male,08/12/2021,94
203,dbestwall5m@dropbox.com,Donnie,Bestwall,Non-binary,02/18/2021,81
204,ghogben5n@independent.co.uk,Gabe,Hogben,Male,10/22/2021,96
205,cclarage5o@sohu.com,Crin,Clarage,Female,07/25/2021,23
206,kvandenhoff5p@admin.ch,Katleen,Vandenhoff,Female,08/12/2021,53
207,dshakesbye5q@youtube.com,Druci,Shakesbye,Female,08/24/2020,11
208,nknowller5r@youku.com,Norina,Knowller,Female,07/13/2021,71
209,twriter5s@bloomberg.com,Tab,Writer,Male,12/13/2021,33
210,sarchibould5t@miibeian.gov.cn,Sidonia,Archibould,Female,03/03/2022,26
211,rolley5u@youku.com,Richie,Olley,Male,04/26/2022,85
212,mdanjoie5v@a8.net,Meredeth,Danjoie,Male,10/21/2021,5
213,tbosson5w@qq.com,Tillie,Bosson,Female,11/20/2020,93
214,eellams5x@dell.com,Ermanno,Ellams,Male,10/28/2020,75
215,erimington5y@technorati.com,Evangelina,Rimington,Female,09/22/2020,75
216,dmccrossan5z@webeden.co.uk,Dominga,McCrossan,Female,10/11/2020,56
217,emeakes60@hugedomains.com,Effie,Meakes,Female,04/30/2021,18
218,bivanishev61@smh.com.au,Bev,Ivanishev,Male,04/04/2021,68
219,slucio62@indiatimes.com,Samson,Lucio,Male,06/24/2021,45
220,dneylan63@feedburner.com,Dukey,Neylan,Male,02/02/2021,24
221,gliccardo64@xrea.com,Godfry,Liccardo,Male,11/30/2021,47
222,nvonnassau65@taobao.com,Norma,von Nassau,Female,09/23/2021,49
223,kdaal66@imdb.com,Karel,Daal,Male,09/28/2020,66
224,agrunbaum67@furl.net,Andonis,Grunbaum,Male,10/11/2020,55
225,ksthill68@foxnews.com,Ki,St. Hill,Female,07/16/2021,22
226,wbollen69@t.co,Wyatan,Bollen,Male,09/14/2020,97
227,aeversfield6a@army.mil,Anallise,Eversfield,Female,12/07/2020,86
228,dbrea6b@sbwire.com,Diann,Brea,Female,12/29/2020,96
229,dblaskett6c@networkadvertising.org,Danny,Blaskett,Male,01/06/2022,57
230,splaistowe6d@google.pl,Simone,Plaistowe,Male,04/26/2021,57
231,srainsbury6e@dot.gov,Sasha,Rainsbury,Male,10/07/2021,20
232,pfrew6f@slideshare.net,Pauletta,Frew,Female,08/29/2021,40
233,cloveland6g@mtv.com,Carlynn,Loveland,Female,10/01/2021,57
234,wyakovich6h@geocities.com,Wally,Yakovich,Male,01/23/2022,22
235,gpinder6i@aol.com,Goober,Pinder,Bigender,11/15/2020,86
236,imatheson6j@sbwire.com,Issie,Matheson,Female,02/17/2022,84
237,nimlen6k@drupal.org,Normand,Imlen,Male,04/02/2022,48
238,cickov6l@wordpress.org,Christy,Ickov,Female,04/05/2022,87
239,rcastillon6m@free.fr,Rafi,Castillon,Male,11/16/2021,91
240,nkyle6n@arstechnica.com,Neddy,Kyle,Male,10/02/2020,88
241,fribeiro6o@com.com,Fannie,Ribeiro,Female,10/03/2020,28
242,lshaw6p@independent.co.uk,Lind,Shaw,Polygender,09/04/2021,19
243,ycummine6q@xrea.com,Yancy,Cummine,Non-binary,12/27/2021,42
244,kponter6r@stumbleupon.com,Kelwin,Ponter,Polygender,05/06/2021,99
245,oruff6s@stumbleupon.com,Ole,Ruff,Male,01/01/2021,54
246,gplunket6t@sciencedaily.com,Griff,Plunket,Male,06/19/2021,8
247,wierland6u@icq.com,Willetta,Ierland,Female,03/26/2021,5
248,rdeatta6v@bbb.org,Rockey,De Atta,Male,09/04/2021,94
249,thaddow6w@chron.com,Tresa,Haddow,Genderqueer,10/06/2020,29
250,swickardt6x@flickr.com,Sheff,Wickardt,Male,02/06/2022,79
251,dcastana6y@fema.gov,Devina,Castana,Female,01/22/2021,27
252,relliott6z@etsy.com,Rainer,Elliott,Male,11/22/2020,70
253,jgallaway70@ft.com,Jared,Gallaway,Male,01/14/2022,56
254,ooulett71@bbb.org,Odilia,Oulett,Female,02/12/2021,45
255,mfranzewitch72@1und1.de,Mackenzie,Franzewitch,Male,09/11/2020,72
256,dchittock73@hp.com,Darya,Chittock,Female,06/29/2021,97
257,blagadu74@ucsd.edu,Boonie,Lagadu,Male,04/20/2021,15
258,vjakoubek75@census.gov,Viva,Jakoubek,Female,10/04/2020,79
259,elightbowne76@aol.com,Eberto,Lightbowne,Male,03/09/2022,33
260,freihill77@lycos.com,Frieda,Reihill,Female,07/30/2021,38
261,clacroutz78@freewebs.com,Case,Lacroutz,Male,06/26/2021,88
262,wdobrowlski79@netscape.com,Wilow,Dobrowlski,Female,07/29/2021,39
263,pgiacomoni7a@irs.gov,Phil,Giacomoni,Male,01/02/2021,60
264,knelle7b@chronoengine.com,Kitty,Nelle,Female,11/29/2021,10
265,sbaroux7c@edublogs.org,Selby,Baroux,Polygender,11/10/2020,16
266,emcmanamen7d@dmoz.org,Emlynne,McManamen,Female,03/10/2022,74
267,mmaillard7e@miitbeian.gov.cn,Miriam,Maillard,Female,12/09/2021,39
268,sbradly7f@jigsy.com,Syman,Bradly,Male,04/20/2021,86
269,btrembey7g@cbsnews.com,Benedicta,Trembey,Female,07/12/2021,62
270,ifiddian7h@pbs.org,Isabelle,Fiddian,Female,08/22/2021,22
271,ahaworth7i@theatlantic.com,Andros,Haworth,Male,09/24/2021,21
272,lskase7j@ow.ly,Loren,Skase,Female,05/14/2021,5
273,ywrate7k@infoseek.co.jp,Yvonne,Wrate,Female,04/20/2022,88
274,gplanke7l@businessweek.com,Grenville,Planke,Male,03/20/2022,30
275,agasker7m@skype.com,Abbe,Gasker,Male,06/22/2021,20
276,bghidoli7n@bravesites.com,Benita,Ghidoli,Female,09/08/2021,68
277,lpetcher7o@tumblr.com,Laina,Petcher,Female,01/18/2022,11
278,detoile7p@ask.com,Dominique,Etoile,Female,09/06/2020,98
279,gbelden7q@cdbaby.com,Gail,Belden,Male,03/24/2022,69
280,nbriars7r@microsoft.com,Norina,Briars,Female,05/05/2022,88
281,blilleman7s@webmd.com,Bryan,Lilleman,Male,04/24/2022,94
282,mkiendl7t@soup.io,Mickie,Kiendl,Male,01/20/2021,48
283,mmapes7u@plala.or.jp,Midge,Mapes,Female,04/25/2022,45
284,cmonroe7v@cloudflare.com,Celeste,Monroe,Female,11/27/2020,58
285,hscreeton7w@cam.ac.uk,Hal,Screeton,Male,05/28/2022,19
286,kpittway7x@gnu.org,Kris,Pittway,Male,09/19/2021,24
287,shambridge7y@digg.com,Stephan,Hambridge,Male,01/29/2021,97
288,wfeasby7z@com.com,Whitaker,Feasby,Male,12/23/2020,88
289,bbugdell80@eepurl.com,Bob,Bugdell,Male,11/27/2021,88
290,awike81@ning.com,Aileen,Wike,Female,09/27/2020,19
291,ndavey82@kickstarter.com,Neile,Davey,Female,12/16/2020,71
292,cbartak83@ehow.com,Cherri,Bartak,Female,12/18/2021,14
293,lyaneev84@gov.uk,Lanna,Yaneev,Female,04/24/2022,73
294,lvreede85@huffingtonpost.com,Lilith,Vreede,Female,07/25/2021,83
295,ffannin86@studiopress.com,Fielding,Fannin,Male,07/23/2021,11
296,fhagwood87@over-blog.com,Florella,Hagwood,Female,04/10/2022,77
297,eerdely88@mit.edu,Elmo,Erdely,Genderqueer,02/06/2022,31
298,agrzesiewicz89@nih.gov,Adora,Grzesiewicz,Female,04/06/2022,51
299,cwinterbourne8a@paginegialle.it,Carolyne,Winterbourne,Polygender,10/05/2020,36
300,ptallman8b@dyndns.org,Phil,Tallman,Male,08/16/2021,52
301,tperree8c@reference.com,Toiboid,Perree,Male,01/10/2022,10
302,ehartopp8d@dyndns.org,Ethelred,Hartopp,Male,09/15/2021,67
303,apaolotto8e@parallels.com,Alonso,Paolotto,Male,01/01/2022,26
304,cfearneley8f@abc.net.au,Clara,Fearneley,Female,07/14/2021,89
305,drambadt8g@networksolutions.com,Darrel,Rambadt,Male,12/11/2020,45
306,abraz8h@friendfeed.com,Akim,Braz,Male,05/03/2021,53
307,hbagnall8i@behance.net,Hector,Bagnall,Male,05/14/2021,89
308,msidery8j@live.com,Mel,Sidery,Female,12/20/2021,7
309,jioannidis8k@creativecommons.org,Janith,Ioannidis,Female,08/22/2021,99
310,mcasserly8l@ning.com,Merrel,Casserly,Male,01/08/2021,75
311,lelcom8m@bandcamp.com,Lauritz,Elcom,Male,02/04/2022,36
312,aswedeland8n@cloudflare.com,Antonin,Swedeland,Male,12/12/2020,85
313,lrowesby8o@e-recht24.de,Lorettalorna,Rowesby,Non-binary,11/09/2020,50
314,yfollis8p@angelfire.com,Yulma,Follis,Male,04/07/2022,78
315,frestall8q@wordpress.org,Florette,Restall,Female,08/28/2020,70
316,wdrinkhill8r@census.gov,Wanda,Drinkhill,Female,03/07/2021,53
317,whayworth8s@nationalgeographic.com,Willis,Hayworth,Male,05/20/2021,45
318,cbartalot8t@springer.com,Carola,Bartalot,Female,12/09/2021,83
319,spays8u@dmoz.org,Symon,Pays,Male,09/24/2021,88
320,vdellenty8v@kickstarter.com,Vail,Dellenty,Male,03/18/2021,80
321,hforten8w@drupal.org,Hetti,Forten,Genderfluid,02/01/2022,48
322,bblenkharn8x@netlog.com,Bennie,Blenkharn,Male,07/31/2021,96
323,jfewell8y@deviantart.com,Jessee,Fewell,Male,11/14/2021,94
324,plowing8z@squidoo.com,Pennie,Lowing,Female,04/21/2022,84
325,iantoniottii90@sogou.com,Ileana,Antoniottii,Female,03/17/2021,53
326,tspittal91@squidoo.com,Tommie,Spittal,Female,09/23/2020,15
327,bkleszinski92@businessinsider.com,Bevon,Kleszinski,Male,05/26/2021,83
328,abilovsky93@networksolutions.com,Angelico,Bilovsky,Male,01/23/2022,3
329,wardron94@oakley.com,Waly,Ardron,Female,01/13/2022,26
330,ptydeman95@blogs.com,Pavel,Tydeman,Male,01/07/2022,41
331,hschreiner96@sitemeter.com,Hilliary,Schreiner,Female,09/30/2020,41
332,xdovington97@oracle.com,Xavier,Dovington,Male,02/08/2021,88
333,eduffrie98@patch.com,Emera,Duffrie,Female,04/09/2022,29
334,klindsay99@illinois.edu,Kessiah,Lindsay,Female,03/18/2022,25
335,tengel9a@alibaba.com,Tansy,Engel,Female,06/23/2021,4
336,jrippingale9b@aboutads.info,Janaye,Rippingale,Female,01/04/2022,30
337,adeniseau9c@cafepress.com,Armand,Deniseau,Male,09/29/2021,58
338,losesnane9d@issuu.com,Lynsey,O'Sesnane,Female,10/06/2021,53
339,aspencock9e@naver.com,Arlyne,Spencock,Female,02/13/2021,84
340,mmeatcher9f@webeden.co.uk,Marena,Meatcher,Female,12/19/2020,9
341,scursons9g@tinyurl.com,Sheela,Cursons,Bigender,04/08/2022,46
342,bpreble9h@usgs.gov,Brandise,Preble,Female,12/11/2021,94
343,earchanbault9i@twitter.com,Ernie,Archanbault,Male,11/30/2020,19
344,cklosges9j@purevolume.com,Cecilla,Klosges,Female,01/31/2022,46
345,cbussell9k@symantec.com,Claire,Bussell,Male,04/24/2022,49
346,wborsi9l@multiply.com,Wilt,Borsi,Male,10/08/2020,50
347,rwheatley9m@webmd.com,Robbie,Wheatley,Male,05/20/2021,31
348,tliddy9n@phpbb.com,Trueman,Liddy,Male,10/29/2021,36
349,mcavanaugh9o@mozilla.com,Marlo,Cavanaugh,Male,03/30/2022,93
350,kswaffield9p@twitter.com,Krista,Swaffield,Agender,03/04/2022,65
351,cromain9q@ezinearticles.com,Clair,Romain,Male,08/11/2021,67
352,prasch9r@e-recht24.de,Paulita,Rasch,Agender,01/09/2022,84
353,bnucciotti9s@tinyurl.com,Beverley,Nucciotti,Female,03/30/2021,85
354,cdollar9t@blinklist.com,Chastity,Dollar,Female,09/01/2021,82
355,omccook9u@weibo.com,Onfre,McCook,Male,09/03/2020,38
356,gdoree9v@earthlink.net,Gus,Doree,Male,12/30/2021,24
357,hcroote9w@prnewswire.com,Haleigh,Croote,Female,09/27/2021,78
358,srassell9x@t-online.de,Spence,Rassell,Male,05/09/2022,47
359,wtomsu9y@fastcompany.com,Wallis,Tomsu,Female,05/23/2021,20
360,fpegrum9z@dagondesign.com,Frank,Pegrum,Male,04/15/2021,55
361,imandrakea0@thetimes.co.uk,Issi,Mandrake,Female,05/02/2022,27
362,awinwarda1@angelfire.com,Alejoa,Winward,Male,03/23/2021,13
363,bmcknielya2@ow.ly,Boyce,McKniely,Male,04/24/2021,66
364,vharrigana3@google.com.hk,Valina,Harrigan,Female,04/02/2021,69
365,rdrewsa4@examiner.com,Rosanne,Drews,Female,11/29/2020,39
366,dpayzea5@hibu.com,Dulciana,Payze,Female,04/19/2022,31
367,awolfendena6@un.org,Alessandro,Wolfenden,Male,01/15/2022,10
368,vcabrera7@pen.io,Vinnie,Cabrer,Male,12/15/2021,21
369,mralphsa8@netscape.com,Mechelle,Ralphs,Female,03/06/2022,77
370,hridea9@fda.gov,Hailey,Ride,Male,08/25/2020,58
371,nivshinaa@yellowpages.com,Nickolas,Ivshin,Bigender,02/13/2021,69
372,cbickfordab@acquirethisname.com,Cathee,Bickford,Female,03/13/2021,31
373,hloughranac@google.de,Haily,Loughran,Male,05/20/2021,91
374,tlappinad@mac.com,Teddie,Lappin,Male,02/14/2022,5
375,culsterae@cnet.com,Cassandry,Ulster,Female,02/23/2022,96
376,aprendergrassaf@vkontakte.ru,Aeriell,Prendergrass,Female,09/25/2021,3
377,olaboneag@ted.com,Ora,Labone,Female,01/07/2021,70
378,lsacchettiah@example.com,Leroi,Sacchetti,Male,10/12/2021,8
379,nwollenai@wikia.com,Neron,Wollen,Male,03/17/2021,60
380,sgioaniaj@state.tx.us,Stanford,Gioani,Male,02/07/2022,96
381,iriddlerak@fema.gov,Ingar,Riddler,Male,11/22/2021,90
382,bcantopheral@npr.org,Bordy,Cantopher,Male,12/19/2021,74
383,mgouldenam@wordpress.com,Melva,Goulden,Female,02/26/2021,43
384,iclausiusan@desdev.cn,Inness,Clausius,Male,10/08/2021,17
385,nenterleinao@earthlink.net,Nona,Enterlein,Female,09/14/2020,25
386,dludlap@macromedia.com,Dalli,Ludl,Male,11/13/2020,99
387,ajoberneaq@google.fr,Alley,Joberne,Male,08/30/2020,50
388,acollinettear@feedburner.com,Alysia,Collinette,Female,03/14/2022,95
389,acraikeras@cyberchimps.com,Aeriel,Craiker,Female,04/17/2022,97
390,fkingzethat@flavors.me,Flossy,Kingzeth,Female,02/25/2021,76
391,bdoileyau@irs.gov,Barron,Doiley,Male,07/18/2021,20
392,epundyav@ucoz.ru,Elli,Pundy,Female,07/26/2021,98
393,sbeeraw@npr.org,Sarita,Beer,Female,09/09/2020,36
394,askynerax@github.io,Abdul,Skyner,Male,04/29/2021,13
395,lgoutay@china.com.cn,Lura,Gout,Female,04/21/2022,44
396,lbondaz@odnoklassniki.ru,Loni,Bond,Female,12/24/2021,100
397,kjentb0@irs.gov,Ki,Jent,Female,12/29/2020,1
398,elechelleb1@people.com.cn,Ellen,Lechelle,Female,06/16/2021,99
399,nfrobisherb2@comcast.net,Nonah,Frobisher,Non-binary,12/30/2020,77
400,vtoothb3@de.vu,Valaria,Tooth,Female,11/27/2021,23
401,tbougenb4@netvibes.com,Tomas,Bougen,Male,07/28/2021,14
402,tyorstonb5@pcworld.com,Thedric,Yorston,Male,02/24/2021,69
403,csmithsb6@disqus.com,Christoph,Smiths,Male,12/10/2020,92
404,jjosiahb7@microsoft.com,Jorry,Josiah,Female,12/03/2020,27
405,rrenggerb8@google.de,Reube,Rengger,Male,12/06/2021,59
406,hstabbinsb9@pbs.org,Hewitt,Stabbins,Male,08/29/2021,13
407,ajusterba@addthis.com,Ab,Juster,Male,07/23/2021,39
408,rmaclachlanbb@sina.com.cn,Robinson,MacLachlan,Male,01/28/2021,19
409,jbillingsbc@acquirethisname.com,Janeva,Billings,Female,11/24/2020,36
410,sephgravebd@marriott.com,Siffre,Ephgrave,Male,05/19/2022,16
411,hlouchebe@360.cn,Hart,Louche,Male,08/26/2020,37
412,cchristianbf@slate.com,Clive,Christian,Genderqueer,12/30/2021,71
413,dgodingbg@ox.ac.uk,Darrelle,Goding,Female,09/17/2020,5
414,gserraillierbh@purevolume.com,Grayce,Serraillier,Female,06/26/2021,92
415,egaggbi@ebay.com,Elspeth,Gagg,Female,11/17/2021,88
416,rstorrierbj@cbslocal.com,Robina,Storrier,Female,09/30/2021,14
417,eeynaldbk@youtu.be,Eugenius,Eynald,Male,10/24/2020,86
418,lspragingbl@nature.com,Lela,Spraging,Female,02/11/2022,13
419,zfareweatherbm@apple.com,Zena,Fareweather,Genderqueer,03/11/2021,14
420,tbumphreybn@miibeian.gov.cn,Teri,Bumphrey,Female,07/31/2021,42
421,dbalffyebo@usa.gov,Devlen,Balffye,Genderfluid,02/17/2021,32
422,fcaffinbp@photobucket.com,Flossi,Caffin,Agender,01/07/2022,44
423,glotwichbq@shareasale.com,Guy,Lotwich,Male,02/07/2022,90
424,reddinsbr@over-blog.com,Rori,Eddins,Female,02/01/2021,64
425,dlongfordbs@51.la,Dallas,Longford,Genderqueer,03/24/2022,91
426,ysmorthitbt@cbslocal.com,Yoshiko,Smorthit,Female,04/09/2021,29
427,mmoritbu@oracle.com,Marcille,Morit,Female,05/02/2022,45
428,slanpherebv@cbslocal.com,Susannah,Lanphere,Non-binary,10/08/2021,21
429,plejeunebw@163.com,Philippe,Lejeune,Female,05/02/2022,98
430,tmilksopbx@nymag.com,Tadeas,Milksop,Male,05/14/2021,11
431,lportmanby@feedburner.com,Lorilyn,Portman,Female,08/15/2021,75
432,jdicarlibz@ftc.gov,Jake,Di Carli,Male,12/26/2020,14
433,gmcwhirterc0@cargocollective.com,Giordano,McWhirter,Male,10/07/2020,59
434,lrobertsc1@example.com,Langston,Roberts,Male,03/18/2021,43
435,jbosherec2@mapy.cz,Julius,Boshere,Male,12/22/2021,66
436,msqueersc3@tripod.com,Madelyn,Squeers,Female,12/03/2020,36
437,tpenkethmanc4@feedburner.com,Tad,Penkethman,Male,12/02/2020,11
438,ngreensladec5@nyu.edu,Noellyn,Greenslade,Female,10/26/2020,34
439,olapennac6@ed.gov,Othello,Lapenna,Male,07/15/2021,52
440,npauluschc7@redcross.org,Natasha,Paulusch,Female,04/25/2021,66
441,afillsc8@angelfire.com,Analise,Fills,Female,08/25/2020,85
442,fslightc9@discovery.com,Fidelia,Slight,Female,10/22/2020,65
443,mokennyca@meetup.com,Marjie,O'Kenny,Female,11/30/2021,53
444,dcouthardcb@multiply.com,Daisey,Couthard,Female,02/28/2021,88
445,jgallahercc@biglobe.ne.jp,Judith,Gallaher,Female,03/18/2021,63
446,jrouzetcd@google.co.uk,Janka,Rouzet,Female,01/17/2022,75
447,jelsworthce@state.tx.us,Jolynn,Elsworth,Female,12/22/2020,72
448,kkanecf@hao123.com,Kingsly,Kane,Male,04/03/2021,84
449,bbasnallcg@apple.com,Broddie,Basnall,Male,10/18/2021,32
450,graynerch@naver.com,Georgianna,Rayner,Female,10/04/2020,83
451,ccasselsci@reverbnation.com,Constantine,Cassels,Female,05/21/2022,93
452,brieplcj@drupal.org,Birk,Riepl,Male,10/04/2020,91
453,dwhitseyck@symantec.com,Doralynn,Whitsey,Female,02/28/2022,17
454,bseebornecl@so-net.ne.jp,Blondelle,Seeborne,Female,02/04/2021,11
455,ghartleycm@list-manage.com,Gar,Hartley,Male,06/30/2021,96
456,jdeemcn@smh.com.au,Jody,Deem,Male,05/07/2021,78
457,mjeffryesco@ucla.edu,Madison,Jeffryes,Male,12/22/2020,41
458,iholsteincp@yelp.com,Ivan,Holstein,Male,11/08/2021,64
459,lfarlambcq@booking.com,Lynsey,Farlamb,Female,11/13/2021,24
460,bfaascr@umich.edu,Barnaby,Faas,Male,12/26/2021,74
461,tescreetcs@prlog.org,Tristan,Escreet,Male,05/15/2021,82
462,bkrollmanct@aol.com,Bernadina,Krollman,Female,02/10/2022,97
463,bmeugenscu@tmall.com,Brnaby,Meugens,Male,04/22/2021,10
464,dbeltoncv@over-blog.com,Dudley,Belton,Male,04/12/2021,12
465,hcluniecw@java.com,Harv,Clunie,Male,12/26/2021,84
466,dlyfecx@ebay.co.uk,Daren,Lyfe,Male,12/20/2020,17
467,stiptoncy@bloglovin.com,Stormi,Tipton,Female,12/01/2020,89
468,pwiltshiercz@elpais.com,Piggy,Wiltshier,Male,01/26/2022,79
469,lalbrod0@furl.net,Leighton,Albro,Male,11/29/2021,12
470,ebellochtd1@mayoclinic.com,Emeline,Bellocht,Female,11/12/2021,100
471,djohnssond2@people.com.cn,Desdemona,Johnsson,Female,03/13/2021,98
472,mziemsend3@mit.edu,Margo,Ziemsen,Female,11/16/2020,83
473,fmccrillisd4@ed.gov,Filbert,McCrillis,Male,02/10/2022,89
474,ooughtond5@domainmarket.com,Odelle,Oughton,Female,11/20/2021,41
475,lbowaterd6@pinterest.com,Laryssa,Bowater,Female,04/04/2022,60
476,bhenricd7@google.co.jp,Bradley,Henric,Male,09/30/2021,12
477,kbaltrushaitisd8@pbs.org,Katherine,Baltrushaitis,Female,04/05/2021,59
478,ctavnerd9@cnet.com,Correy,Tavner,Male,11/07/2020,96
479,rstubbeda@weibo.com,Reba,Stubbe,Polygender,03/05/2022,4
480,hfiddimandb@mac.com,Hi,Fiddiman,Male,02/08/2021,24
481,rtebbettdc@ow.ly,Ryan,Tebbett,Male,03/20/2022,58
482,wgiggdd@wiley.com,Winslow,Gigg,Male,12/17/2020,5
483,ndurrancede@ft.com,Nanine,Durrance,Female,04/18/2021,5
484,fsmurthwaitedf@nationalgeographic.com,Flin,Smurthwaite,Male,12/08/2020,53
485,bmoodiedg@google.ca,Bondon,Moodie,Male,11/17/2020,35
486,delkindh@vinaora.com,Drusie,Elkin,Female,02/04/2021,8
487,gmacgeaneydi@home.pl,Garrard,Mac Geaney,Male,03/28/2021,43
488,qbiscodj@live.com,Queenie,Bisco,Agender,12/07/2020,38
489,mkibbydk@ihg.com,Miriam,Kibby,Female,10/16/2021,56
490,lmeldrumdl@uiuc.edu,Lorne,Meldrum,Female,11/05/2020,25
491,cburthdm@businesswire.com,Corney,Burth,Male,07/31/2021,33
492,tbickersdn@163.com,Tobias,Bickers,Male,04/16/2021,14
493,zstaitedo@altervista.org,Zonnya,Staite,Female,05/21/2022,90
494,dollivierredp@netvibes.com,Demott,Ollivierre,Male,12/28/2021,8
495,mjaquetdq@hp.com,Miner,Jaquet,Male,09/12/2021,80
496,gluckendr@fda.gov,Gibbie,Lucken,Male,03/24/2022,96
497,scartlidgeds@unc.edu,Stuart,Cartlidge,Male,10/09/2020,61
498,ldiceydt@amazonaws.com,Lena,Dicey,Female,11/04/2021,91
499,afreelanddu@accuweather.com,Amitie,Freeland,Female,09/15/2020,54
500,cosullivandv@sina.com.cn,Cindelyn,O Sullivan,Female,07/20/2021,35
501,kwithringtendw@simplemachines.org,Kelly,Withringten,Female,10/23/2021,56
502,lhathwaydx@t.co,Legra,Hathway,Female,08/27/2020,31
503,jtauntondy@geocities.com,Joleen,Taunton.,Female,01/02/2021,60
504,eyouhilldz@sakura.ne.jp,Eleni,Youhill,Agender,03/07/2022,15
505,dziemense0@nydailynews.com,Dorette,Ziemens,Genderfluid,12/09/2020,54
506,lwakerleye1@springer.com,Llywellyn,Wakerley,Male,02/13/2022,21
507,gvanhaulte2@nasa.gov,Gaynor,Van Hault,Female,02/13/2021,29
508,jashe3@mozilla.org,Jeanna,Ash,Female,01/12/2021,36
509,zaveraye4@upenn.edu,Zechariah,Averay,Male,10/25/2020,95
510,rstanfielde5@furl.net,Robin,Stanfield,Female,05/23/2021,7
511,klinnye6@plala.or.jp,Kayla,Linny,Female,04/08/2022,18
512,rwhetlande7@samsung.com,Rayner,Whetland,Male,02/27/2021,48
513,ehechline8@discovery.com,Elisha,Hechlin,Female,05/08/2022,41
514,nklossmanne9@sfgate.com,Nadean,Klossmann,Female,05/11/2022,16
515,gdelucaea@discovery.com,Gilly,Deluca,Female,01/18/2021,9
516,lklosaeb@desdev.cn,Lebbie,Klosa,Female,05/10/2022,58
517,lsawec@twitpic.com,Liuka,Saw,Female,10/26/2020,81
518,mpriddeyed@theglobeandmail.com,Marysa,Priddey,Female,05/12/2022,40
519,kwilkowskiee@yale.edu,Kalli,Wilkowski,Female,11/05/2021,35
520,panthoniesef@deliciousdays.com,Phillida,Anthonies,Female,03/16/2022,40
521,gpaolinellieg@wikimedia.org,Gennie,Paolinelli,Bigender,03/28/2021,82
522,lbrusbyeh@weibo.com,Lani,Brusby,Female,11/02/2020,69
523,cdrinkhallei@tinypic.com,Clarita,Drinkhall,Female,03/02/2022,96
524,kweavillej@1688.com,Katti,Weavill,Female,07/20/2021,82
525,kbiggerstaffek@cloudflare.com,Krishna,Biggerstaff,Male,09/21/2021,16
526,acornuel@irs.gov,Artus,Cornu,Male,06/02/2021,83
527,staplinem@ftc.gov,Scottie,Taplin,Male,04/11/2022,55
528,cwallachen@sitemeter.com,Catherine,Wallach,Female,10/15/2021,64
529,csisseeo@deliciousdays.com,Celinka,Sisse,Female,09/07/2020,4
530,smathetep@shop-pro.jp,Shalne,Mathet,Female,05/09/2021,18
531,vwealeeq@nbcnews.com,Valentijn,Weale,Male,04/09/2021,5
532,rboater@thetimes.co.uk,Renate,Boat,Female,05/07/2022,4
533,jcaplises@marketwatch.com,Johnathon,Caplis,Male,04/26/2021,2
534,kadamsenet@goodreads.com,Kai,Adamsen,Female,08/18/2021,17
535,cvenningeu@nhs.uk,Carla,Venning,Female,04/08/2021,50
536,leckhev@amazon.de,Lorry,Eckh,Female,02/08/2022,5
537,cgrissettew@google.com.au,Cosette,Grissett,Female,03/03/2022,53
538,tnorthillex@wsj.com,Tierney,Northill,Female,12/10/2020,82
539,lblakeboroughey@surveymonkey.com,Lawry,Blakeborough,Male,09/11/2020,33
540,idewettez@ox.ac.uk,Imogene,Dewett,Female,08/24/2021,16
541,bsturef0@google.nl,Bjorn,Sture,Male,10/08/2020,39
542,ktailef1@gov.uk,Krishna,Taile,Male,02/02/2022,13
543,gnoadesf2@bluehost.com,Gratiana,Noades,Female,08/05/2021,69
544,nlovattf3@hibu.com,Naoma,Lovatt,Agender,01/31/2022,70
545,hsorbeyf4@nationalgeographic.com,Hervey,Sorbey,Male,05/13/2021,38
546,rsemmencef5@ed.gov,Ryun,Semmence,Male,04/02/2022,62
547,mgarmsf6@unesco.org,Monti,Garms,Male,12/21/2020,36
548,lclohiseyf7@pinterest.com,Leah,Clohisey,Female,10/17/2020,27
549,vnewvellf8@house.gov,Veriee,Newvell,Genderfluid,12/23/2021,32
550,lilottf9@360.cn,Larry,Ilott,Male,01/10/2021,36
551,wdrysdallfa@tripod.com,Waldo,Drysdall,Male,10/08/2021,37
552,kyurinfb@sogou.com,Keely,Yurin,Agender,09/06/2021,87
553,jgedgefc@wiley.com,Jarrod,Gedge,Male,05/21/2022,46
554,dmuckfd@github.com,Darill,Muck,Male,01/09/2022,85
555,hkatzfe@reference.com,Herbie,Katz,Male,10/04/2021,22
556,tpaulischff@statcounter.com,Trixie,Paulisch,Female,11/09/2021,39
557,tparrattfg@usgs.gov,Tomlin,Parratt,Male,01/27/2021,11
558,mrobertetfh@ycombinator.com,Mar,Robertet,Male,12/04/2021,43
559,wjendasfi@quantcast.com,Wilden,Jendas,Male,03/26/2022,74
560,shunnybunfj@epa.gov,Sela,Hunnybun,Female,12/09/2021,95
561,kveldmanfk@istockphoto.com,Karl,Veldman,Male,05/29/2021,44
562,pghidolifl@ucoz.ru,Phedra,Ghidoli,Female,05/14/2021,39
563,acatorfm@photobucket.com,Augustin,Cator,Male,03/04/2022,57
564,kduboisfn@webmd.com,Kirsten,Dubois,Genderqueer,01/09/2022,95
565,msalvadorefo@apache.org,Mirabelle,Salvadore,Female,03/01/2021,59
566,claurantfp@eventbrite.com,Carlynn,Laurant,Female,03/26/2022,11
567,fturrifq@zimbio.com,Fay,Turri,Female,01/16/2021,48
568,vsunnexfr@europa.eu,Valentine,Sunnex,Male,01/17/2021,98
569,opotkinfs@rediff.com,Olympe,Potkin,Female,10/15/2020,12
570,rabethellft@sakura.ne.jp,Roth,Abethell,Male,05/22/2022,48
571,vashbornfu@imdb.com,Valeda,Ashborn,Female,05/01/2021,100
572,lwiltshierfv@canalblog.com,Lauri,Wiltshier,Female,03/16/2021,34
573,jconnochiefw@blogspot.com,Jeane,Connochie,Female,11/09/2021,76
574,hmatejkafx@studiopress.com,Hedy,Matejka,Female,10/30/2021,77
575,rpallefy@xinhuanet.com,Ronny,Palle,Male,09/14/2021,44
576,ehillumfz@nps.gov,Eolande,Hillum,Female,05/22/2022,74
577,bscogingsg0@wordpress.org,Blinny,Scogings,Female,01/14/2022,65
578,awalburng1@paypal.com,Alecia,Walburn,Genderfluid,01/22/2021,71
579,kverog2@dion.ne.jp,Kathe,Vero,Female,10/12/2020,15
580,treaceg3@pagesperso-orange.fr,Towney,Reace,Male,08/26/2020,18
581,nrambadtg4@google.com.hk,Nelli,Rambadt,Female,03/21/2021,61
582,pdimicg5@jugem.jp,Papagena,Dimic,Female,11/02/2021,13
583,gmcqueeng6@dropbox.com,Griz,Mc Queen,Male,10/02/2020,6
584,dhuckellg7@cbc.ca,Darren,Huckell,Male,05/19/2022,95
585,mrochesterg8@cdbaby.com,Mattias,Rochester,Male,10/22/2021,28
586,ffluxg9@deliciousdays.com,Fanya,Flux,Female,04/12/2022,83
587,jyandlega@ox.ac.uk,Joseph,Yandle,Agender,04/09/2021,43
588,khartlandgb@nature.com,Karalynn,Hartland,Female,06/11/2021,35
589,klownegc@buzzfeed.com,Karl,Lowne,Male,09/12/2020,19
590,thenningtongd@printfriendly.com,Therine,Hennington,Female,01/20/2022,25
591,achatelainge@time.com,Aggi,Chatelain,Female,12/23/2021,72
592,cblaydgf@tamu.edu,Cassondra,Blayd,Female,01/16/2022,9
593,cferenczygg@cyberchimps.com,Carrol,Ferenczy,Male,11/12/2021,65
594,rgrafhamgh@ow.ly,Ronna,Grafham,Female,05/01/2021,83
595,nbottbygi@google.co.uk,Nicol,Bottby,Female,10/23/2020,99
596,chazeltinegj@fc2.com,Ciro,Hazeltine,Male,03/03/2021,96
597,gmonceygk@npr.org,Glenda,Moncey,Female,03/03/2022,12
598,abristongl@digg.com,Austine,Briston,Female,12/07/2021,92
599,cjaneczekgm@washington.edu,Chrystel,Janeczek,Female,07/21/2021,8
600,mzettoign@businesswire.com,Montague,Zettoi,Male,03/16/2021,79
601,aderyebarrettgo@youtu.be,Allegra,Derye-Barrett,Female,11/03/2021,88
602,tkoubugp@nymag.com,Timothee,Koubu,Male,02/08/2022,2
603,hguittgq@wikispaces.com,Hermia,Guitt,Female,02/09/2022,10
604,csommerscalesgr@so-net.ne.jp,Cariotta,Sommerscales,Female,03/21/2022,94
605,sbollengs@icio.us,Shurwood,Bollen,Bigender,05/08/2021,29
606,estobartgt@macromedia.com,Elna,Stobart,Female,03/08/2022,84
607,tgrimstergu@nature.com,Tobi,Grimster,Bigender,05/10/2022,7
608,estuthergv@domainmarket.com,Emmott,Stuther,Male,05/12/2021,63
609,ctroppmanngw@europa.eu,Charis,Troppmann,Female,05/09/2021,76
610,dbillesgx@vkontakte.ru,Dallas,Billes,Female,05/09/2021,79
611,sondrichgy@miibeian.gov.cn,Shalna,Ondrich,Female,08/26/2020,12
612,llaightgz@fastcompany.com,Lindsey,Laight,Female,01/10/2022,69
613,mcallfh0@blog.com,Mozelle,Callf,Genderfluid,02/06/2021,71
614,jbrounsellh1@foxnews.com,Jakie,Brounsell,Non-binary,11/12/2021,67
615,gwasielh2@usgs.gov,Garwood,Wasiel,Male,11/16/2021,15
616,dhoudhuryh3@de.vu,Dorthy,Houdhury,Female,02/21/2022,32
617,awithinshawh4@parallels.com,Alix,Withinshaw,Female,05/08/2022,64
618,ksimoneauh5@ehow.com,Korella,Simoneau,Female,09/26/2021,35
619,ecurrierh6@theglobeandmail.com,Elliott,Currier,Male,02/04/2021,1
620,wlukovich7@cocolog-nifty.com,Wendy,Lukovic,Female,05/10/2021,47
621,ftungayh8@ucoz.com,Frederik,Tungay,Bigender,05/19/2021,66
622,mebdonh9@cnet.com,Morgun,Ebdon,Agender,11/01/2020,4
623,eduleyha@house.gov,Erick,Duley,Male,03/06/2022,49
624,gbathowhb@dedecms.com,Glendon,Bathow,Male,10/09/2021,59
625,dtombletthc@exblog.jp,Donelle,Tomblett,Female,06/29/2021,73
626,ktebbitthd@ebay.co.uk,Kayley,Tebbitt,Female,09/30/2020,50
627,dfrederickhe@adobe.com,Dehlia,Frederick,Non-binary,11/07/2021,96
628,wkeysehf@github.com,Waylen,Keyse,Male,07/15/2021,36
629,gmallowshg@bloglovin.com,Grazia,Mallows,Female,06/21/2021,53
630,lcantihh@facebook.com,Lorilee,Canti,Polygender,05/26/2022,63
631,csuttlinghi@desdev.cn,Christie,Suttling,Female,04/21/2021,97
632,sveevershj@plala.or.jp,Sharleen,Veevers,Female,11/03/2020,32
633,ksidworthhk@wisc.edu,Karna,Sidworth,Female,12/19/2021,41
634,rhammandhl@ifeng.com,Reg,Hammand,Male,08/13/2021,52
635,bgillinghm@state.gov,Berk,Gilling,Male,05/03/2022,47
636,dgrieswoodhn@over-blog.com,Devina,Grieswood,Female,01/06/2022,52
637,cculpanho@seesaa.net,Carmel,Culpan,Female,05/18/2021,52
638,bshelmardinehp@smugmug.com,Barbette,Shelmardine,Female,09/15/2021,98
639,mstricklandhq@virginia.edu,Marlowe,Strickland,Male,05/15/2021,12
640,lcurreyhr@lulu.com,Laurie,Currey,Female,05/07/2022,39
641,mcookehs@de.vu,Marya,Cooke,Genderqueer,08/18/2021,96
642,zblowht@ftc.gov,Zaneta,Blow,Female,12/29/2020,53
643,mdifriscohu@vkontakte.ru,Mallory,Di Frisco,Agender,01/01/2021,26
644,jvenarthv@hao123.com,Jewell,Venart,Female,09/15/2021,92
645,ajordinehw@hostgator.com,Angeline,Jordine,Female,04/01/2022,83
646,peffemyhx@scientificamerican.com,Pattie,Effemy,Female,10/25/2021,81
647,wroscowhy@msu.edu,Woodie,Roscow,Male,03/29/2021,32
648,mdeloozehz@springer.com,Marchelle,Delooze,Female,08/29/2020,17
649,crottcheri0@blogspot.com,Ciel,Rottcher,Female,12/14/2021,76
650,edrippsi1@pcworld.com,Ellerey,Dripps,Male,02/14/2021,59
651,nfoylei2@samsung.com,Neal,Foyle,Male,10/13/2021,100
652,mpengelleyi3@bandcamp.com,Moses,Pengelley,Non-binary,01/10/2022,40
653,wbonnini4@usda.gov,Whitaker,Bonnin,Male,01/13/2021,27
654,hkarolovskyi5@github.com,Hermy,Karolovsky,Male,01/11/2022,89
655,egebbiei6@hhs.gov,Elnora,Gebbie,Female,10/20/2021,45
656,btroyi7@psu.edu,Bruno,Troy,Male,11/08/2021,89
657,dgiovannaccii8@loc.gov,Dud,Giovannacc@i,Male,12/13/2020,52
658,edeathi9@liveinternet.ru,Ed,De Ath,Male,09/23/2021,90
659,agomersallia@dedecms.com,Archy,Gomersall,Male,01/18/2022,63
660,osimcoeib@whitehouse.gov,Otis,Simcoe,Agender,12/24/2021,29
661,gdurnellic@cdbaby.com,Gusty,Durnell,Female,02/25/2022,73
662,twittringtonid@ted.com,Tana,Wittrington,Female,08/04/2021,44
663,mdunkinsonie@google.it,Mace,Dunkinson,Male,12/15/2021,44
664,alaffanif@over-blog.com,Aurelie,Laffan,Female,10/29/2020,25
665,lgookeyig@github.io,Lotty,Gookey,Female,04/14/2022,81
666,tlatheyih@tiny.cc,Toddy,Lathey,Non-binary,11/19/2020,25
667,awixii@scientificamerican.com,Arda,Wix,Female,12/12/2021,4
668,edimicij@scientificamerican.com,Ethelda,Dimic,Female,11/05/2020,30
669,cbrisardik@wikia.com,Cy,Brisard,Male,12/28/2021,45
670,adysertil@sitemeter.com,Alfy,Dysert,Male,12/10/2020,56
671,thanselmanim@who.int,Tod,Hanselman,Male,01/23/2021,45
672,bredsullin@vk.com,Berenice,Redsull,Female,04/11/2022,51
673,aliggensio@simplemachines.org,Artur,Liggens,Male,10/04/2020,67
674,lfiggeip@ucoz.com,Lusa,Figge,Female,01/19/2022,85
675,ategginiq@discuz.net,Ariana,Teggin,Female,01/30/2022,9
676,drittmeyerir@csmonitor.com,Donica,Rittmeyer,Female,08/28/2020,15
677,aalvaris@chronoengine.com,Aubrey,Alvar,Male,02/03/2022,11
678,msonesit@issuu.com,Mar,Sones,Male,07/19/2021,56
679,gchapmaniu@xing.com,Graehme,Chapman,Male,10/14/2021,49
680,gmacgorleyiv@hatena.ne.jp,Genna,MacGorley,Female,05/02/2022,5
681,tpalethorpeiw@twitter.com,Tilly,Palethorpe,Female,11/29/2020,2
682,njonuziix@eventbrite.com,Nicolai,Jonuzi,Male,01/03/2022,38
683,afluteiy@unesco.org,Alexandros,Flute,Male,12/21/2021,30
684,gtaigiz@howstuffworks.com,Glendon,Taig,Male,03/11/2022,94
685,dhannonj0@rediff.com,Dennie,Hannon,Male,10/27/2020,15
686,pbosquetj1@jugem.jp,Pen,Bosquet,Female,04/04/2021,22
687,gendersonj2@blinklist.com,Gearard,Enderson,Male,01/09/2022,28
688,rhattoej3@imdb.com,Riordan,Hattoe,Male,10/04/2020,60
689,llittleyj4@slashdot.org,Lorens,Littley,Male,08/24/2020,41
690,kmcterrellyj5@shutterfly.com,Krispin,McTerrelly,Male,10/15/2020,76
691,flacazej6@gmpg.org,Fidelia,Lacaze,Female,05/09/2021,55
692,sgrisenthwaitej7@answers.com,Stesha,Grisenthwaite,Female,10/23/2021,99
693,dcullumj8@marketwatch.com,Darline,Cullum,Female,01/29/2021,22
694,cspositoj9@lycos.com,Caesar,Sposito,Male,09/19/2020,95
695,sgeatorja@live.com,Sheila-kathryn,Geator,Female,01/23/2022,74
696,skelfjb@telegraph.co.uk,Shurlock,Kelf,Male,03/05/2021,66
697,achippingjc@google.fr,Arlana,Chipping,Female,01/13/2022,11
698,gseagarjd@nyu.edu,Gordy,Seagar,Male,09/08/2021,97
699,hcowtherdje@theguardian.com,Herc,Cowtherd,Male,10/23/2020,47
700,cbushenjf@furl.net,Ced,Bushen,Male,01/12/2021,31
701,edichejg@printfriendly.com,Emylee,Diche,Female,10/22/2021,69
702,eewbanksjh@angelfire.com,Elayne,Ewbanks,Female,12/20/2020,19
703,shoutbieji@miitbeian.gov.cn,Scot,Houtbie,Male,05/12/2022,58
704,awhitefordjj@zdnet.com,Arley,Whiteford,Male,01/01/2022,72
705,nviviansjk@ustream.tv,Nona,Vivians,Genderfluid,06/27/2021,84
706,srutleyjl@whitehouse.gov,Sonnie,Rutley,Female,05/01/2021,100
707,kpevsnerjm@samsung.com,Karisa,Pevsner,Female,07/06/2021,66
708,ghulkesjn@sun.com,Guillema,Hulkes,Female,10/24/2020,18
709,kbastonejo@tinypic.com,Kamillah,Bastone,Female,07/25/2021,34
710,hpaintainjp@java.com,Helge,Paintain,Female,05/30/2021,21
711,dpolojq@free.fr,Dennet,Polo,Male,03/19/2021,80
712,jclementejr@army.mil,Judi,Clemente,Female,10/05/2020,88
713,ngettenjs@e-recht24.de,Nichole,Getten,Female,01/31/2022,14
714,bkirvinjt@so-net.ne.jp,Barbara,Kirvin,Female,07/29/2021,99
715,ishelsherju@altervista.org,Ilysa,Shelsher,Female,08/07/2021,72
716,dkeithjv@digg.com,Denis,Keith,Male,06/29/2021,80
717,wkleinsingerjw@bloomberg.com,Wilma,Kleinsinger,Female,08/02/2021,73
718,mdufrayjx@eepurl.com,Montgomery,Du Fray,Male,06/06/2021,34
719,rcrummeyjy@gravatar.com,Raymond,Crummey,Male,12/21/2021,8
720,shavvockjz@washington.edu,Selma,Havvock,Female,03/23/2022,5
721,blismerk0@posterous.com,Bartie,Lismer,Male,12/05/2020,75
722,rwickiek1@economist.com,Reade,Wickie,Genderfluid,05/14/2022,11
723,zfleyk2@state.gov,Zena,Fley,Female,07/15/2021,31
724,plosseljongk3@de.vu,Penny,Losseljong,Male,04/25/2021,20
725,sbalfk4@google.co.jp,Simone,Balf,Male,08/29/2021,62
726,gcroxonk5@cam.ac.uk,Garik,Croxon,Polygender,02/28/2022,58
727,amacellark6@unc.edu,Antonius,Macellar,Bigender,02/13/2021,27
728,pfiddemank7@thetimes.co.uk,Pearle,Fiddeman,Non-binary,07/23/2021,28
729,dhorickk8@reuters.com,Devonna,Horick,Female,02/23/2021,5
730,worrk9@whitehouse.gov,Ward,Orr,Male,01/21/2021,83
731,ikingsnorthka@nih.gov,Isacco,Kingsnorth,Male,07/01/2021,33
732,mdelepinekb@vkontakte.ru,Molly,Delepine,Non-binary,06/18/2021,34
733,isimonsenkc@cpanel.net,Ines,Simonsen,Female,11/14/2021,67
734,rdellcasakd@naver.com,Rosmunda,Dell Casa,Female,06/03/2021,26
735,mcooksonke@sohu.com,Mildrid,Cookson,Female,09/03/2021,96
736,meitterkf@miibeian.gov.cn,Micky,Eitter,Polygender,09/18/2020,15
737,gbowtonkg@youku.com,Geoffry,Bowton,Male,09/13/2021,9
738,hmacginneykh@flickr.com,Horatio,MacGinney,Male,05/04/2022,71
739,amattussevichki@blog.com,Audie,Mattussevich,Female,04/12/2021,74
740,lsainzkj@ucla.edu,Law,Sainz,Male,02/27/2021,96
741,wcucinottakk@plala.or.jp,Wake,Cucinotta,Male,02/09/2022,79
742,mpoetzkl@ft.com,Milton,Poetz,Male,10/06/2021,91
743,alittlemorekm@statcounter.com,Abdul,Littlemore,Male,01/17/2021,78
744,amcnairkn@census.gov,Arlina,McNair,Female,09/11/2021,51
745,pscarrko@nymag.com,Penni,Scarr,Female,09/27/2021,37
746,ufranckp@fda.gov,Ulrike,Franc,Female,11/27/2021,33
747,candratkq@instagram.com,Cara,Andrat,Female,11/19/2021,45
748,jweatherbykr@phpbb.com,Jenifer,Weatherby,Female,12/18/2021,76
749,emalimks@icq.com,Emmaline,Malim,Female,06/10/2021,51
750,pjaggkt@hatena.ne.jp,Peadar,Jagg,Male,07/16/2021,73
751,fwillesonku@tmall.com,Florencia,Willeson,Female,07/10/2021,6
752,lchallenskv@symantec.com,Laney,Challens,Female,08/15/2021,2
753,jtourskw@amazon.com,Julee,Tours,Female,08/02/2021,76
754,shorrellkx@amazon.de,Sid,Horrell,Male,08/28/2021,52
755,flunaky@wunderground.com,Francesco,Luna,Male,10/02/2020,63
756,msalernokz@altervista.org,Marysa,Salerno,Female,12/24/2020,3
757,lfeldsteinl0@irs.gov,Lena,Feldstein,Female,04/12/2021,15
758,rliverl1@ted.com,Reidar,Liver,Male,11/13/2020,73
759,jhulattl2@constantcontact.com,Janelle,Hulatt,Genderqueer,05/15/2021,61
760,edefondl3@diigo.com,Else,Defond,Genderqueer,02/24/2021,62
761,fkoomarl4@oaic.gov.au,Freida,Koomar,Female,03/10/2022,13
762,rbettenayl5@redcross.org,Ruthi,Bettenay,Female,07/30/2021,48
763,edunphiel6@eventbrite.com,Eldon,Dunphie,Male,01/08/2022,28
764,gmalaml7@nbcnews.com,Giraud,Malam,Male,01/04/2021,91
765,aburguml8@dell.com,Arie,Burgum,Male,07/21/2021,35
766,gsayel9@squidoo.com,Gennie,Saye,Female,03/02/2022,37
767,ywernhamla@craigslist.org,Yoko,Wernham,Female,07/07/2021,18
768,ccristoforlb@hp.com,Christoffer,Cristofor,Male,04/03/2021,12
769,kfriddlc@bravesites.com,Kerrin,Fridd,Female,11/06/2020,90
770,jbyshld@ft.com,Jillana,Bysh,Female,12/02/2021,41
771,edaughtonle@ycombinator.com,Ebeneser,Daughton,Male,05/15/2021,65
772,iprenlf@yahoo.com,Iver,Pren,Male,12/22/2020,85
773,bmcgrowtherlg@cpanel.net,Bibbie,McGrowther,Female,09/15/2020,49
774,rnencilh@nytimes.com,Rowe,Nenci,Female,03/22/2022,24
775,ychasierli@cafepress.com,Yurik,Chasier,Male,10/20/2021,14
776,hlaslettlj@artisteer.com,Hestia,Laslett,Female,08/23/2021,42
777,awehdenlk@newyorker.com,Ali,Wehden,Female,02/19/2021,45
778,dthurberll@sfgate.com,Dalenna,Thurber,Non-binary,09/29/2021,8
779,dstennettlm@dion.ne.jp,Davita,Stennett,Female,09/01/2021,92
780,bploverln@nasa.gov,Brittni,Plover,Female,07/15/2021,7
781,bsmillielo@ehow.com,Bear,Smillie,Male,10/14/2020,59
782,byabsleylp@geocities.jp,Barth,Yabsley,Male,01/12/2021,97
783,gdurdenlq@phoca.cz,Giovanna,Durden,Female,05/03/2022,45
784,cmougellr@taobao.com,Creigh,Mougel,Male,03/05/2022,19
785,oglaisterls@washington.edu,Olympia,Glaister,Female,04/14/2022,18
786,fwildmanlt@irs.gov,Fair,Wildman,Bigender,01/05/2021,86
787,ejesseplu@scribd.com,Elsie,Jessep,Female,11/03/2020,22
788,atardifflv@com.com,Abraham,Tardiff,Male,08/24/2020,42
789,deastopelw@google.de,Derril,Eastope,Male,08/22/2021,37
790,pcheesemanlx@comcast.net,Peder,Cheeseman,Male,04/28/2021,17
791,gbartellily@ameblo.jp,Ginger,Bartelli,Female,12/28/2021,58
792,hcradylz@jiathis.com,Homer,Crady,Male,04/24/2022,4
793,lkepem0@google.com.hk,Lindie,Kepe,Female,02/25/2022,82
794,slindwasserm1@huffingtonpost.com,Shara,Lindwasser,Female,05/13/2021,35
795,cquembym2@elegantthemes.com,Cathrine,Quemby,Female,10/17/2020,93
796,lshadem3@berkeley.edu,Lorene,Shade,Female,08/24/2020,19
797,hmountneym4@theglobeandmail.com,Henri,Mountney,Genderfluid,02/17/2021,86
798,abadinim5@de.vu,Anselma,Badini,Female,12/24/2021,89
799,ringlebym6@microsoft.com,Rosmunda,Ingleby,Female,09/03/2020,70
800,yduiguidm7@wunderground.com,Yurik,Duiguid,Male,05/04/2022,91
801,rbeldamm8@slideshare.net,Raven,Beldam,Female,10/20/2020,8
802,cdooleym9@npr.org,Casar,Dooley,Male,12/17/2020,24
803,jtinwellma@omniture.com,Jack,Tinwell,Male,10/05/2020,64
804,smitiemb@rediff.com,Sid,Mitie,Male,09/24/2021,65
805,ckringemc@webmd.com,Crissie,Kringe,Genderqueer,10/03/2020,34
806,kkleinschmidtmd@netlog.com,Kristy,Kleinschmidt,Genderqueer,12/23/2021,45
807,rgresswoodme@a8.net,Rik,Gresswood,Genderfluid,02/26/2022,81
808,jstembridgemf@over-blog.com,Janenna,Stembridge,Bigender,02/21/2022,72
809,abullarmg@facebook.com,Anstice,Bullar,Female,03/04/2021,51
810,hcowndenmh@cmu.edu,Hildy,Cownden,Female,02/03/2022,97
811,vlewzeymi@altervista.org,Valentijn,Lewzey,Male,02/24/2021,27
812,cbryentonmj@wikipedia.org,Cortie,Bryenton,Male,12/21/2020,16
813,cfaggmk@eventbrite.com,Care,Fagg,Male,08/24/2020,92
814,astroderml@wordpress.com,Aimil,Stroder,Female,10/22/2020,32
815,skairnsmm@naver.com,Shayna,Kairns,Female,09/20/2020,22
816,kcouthmn@barnesandnoble.com,Krista,Couth,Female,01/08/2021,78
817,oharsentmo@1und1.de,Owen,Harsent,Male,04/08/2021,87
818,gserfatimp@hexun.com,Gertrude,Serfati,Female,12/15/2020,56
819,bkemsonmq@amazon.co.jp,Blake,Kemson,Male,04/28/2022,42
820,obeekenmr@hibu.com,Ogdon,Beeken,Male,11/08/2020,92
821,ewinmanms@123-reg.co.uk,Elsinore,Winman,Female,04/21/2022,18
822,rkennallymt@yahoo.co.jp,Raymond,Kennally,Male,11/01/2020,54
823,spavettmu@usgs.gov,Simon,Pavett,Male,12/14/2020,57
824,jpersemv@myspace.com,Justen,Perse,Male,05/20/2022,71
825,zprinnettmw@artisteer.com,Zita,Prinnett,Female,11/23/2021,29
826,nobradanemx@nydailynews.com,Neysa,O'Bradane,Female,12/02/2021,64
827,jbevermy@example.com,Jasmine,Bever,Female,07/18/2021,20
828,abeveredgemz@devhub.com,Anjela,Beveredge,Female,12/12/2020,82
829,mandriessen0@cpanel.net,Minta,Andriesse,Female,02/24/2021,62
830,pjeynesn1@delicious.com,Pieter,Jeynes,Male,03/20/2022,97
831,ielloitn2@github.io,Ignacius,Elloit,Male,12/12/2021,43
832,rmcgaugann3@zdnet.com,Raphaela,McGaugan,Female,07/12/2021,47
833,fkettoen4@tinypic.com,Franky,Kettoe,Male,05/29/2021,47
834,jgabbatissn5@mapy.cz,Jere,Gabbatiss,Female,01/29/2021,94
835,ovanellin6@google.co.jp,Olga,Vanelli,Female,03/13/2021,84
836,jgummern7@freewebs.com,Jephthah,Gummer,Male,01/23/2022,8
837,mveversn8@dion.ne.jp,Mace,Vevers,Male,03/19/2022,55
838,gmcgeevern9@sbwire.com,Georgi,McGeever,Male,09/07/2021,90
839,parmfieldna@bravesites.com,Putnam,Armfield,Male,03/15/2022,2
840,ajaimenb@bloglovin.com,Alfi,Jaime,Female,02/10/2021,41
841,chazlehurstnc@slate.com,Cathryn,Hazlehurst,Female,02/05/2022,90
842,jhillbornend@cafepress.com,Josh,Hillborne,Male,11/03/2021,47
843,rhodgonne@howstuffworks.com,Reed,Hodgon,Male,09/11/2021,56
844,tfriedanknf@dot.gov,Tye,Friedank,Male,08/18/2021,67
845,iborgheseng@ovh.net,Ignatius,Borghese,Male,03/23/2021,89
846,pubsdellnh@desdev.cn,Palm,Ubsdell,Male,02/13/2022,77
847,rronayneni@hao123.com,Randell,Ronayne,Male,09/27/2021,50
848,mwillannj@gnu.org,Marie,Willan,Female,10/11/2020,84
849,ubriarnk@answers.com,Ulysses,Briar,Male,09/10/2020,64
850,dbericnl@booking.com,De,Beric,Female,02/22/2021,73
851,cfrostdykenm@sciencedirect.com,Ciro,Frostdyke,Male,11/03/2021,21
852,jquarenn@php.net,Julianna,Quare,Female,10/01/2020,24
853,bmacalpinno@blogtalkradio.com,Berne,MacAlpin,Male,06/29/2021,32
854,ttidcombnp@e-recht24.de,Thayne,Tidcomb,Male,03/05/2022,57
855,eclissoldnq@drupal.org,Elisabeth,Clissold,Female,10/13/2020,12
856,adonisinr@si.edu,Alvis,Donisi,Male,09/27/2020,44
857,bquilliganns@amazon.de,Bordie,Quilligan,Male,10/08/2021,6
858,jmatschossnt@symantec.com,Jeddy,Matschoss,Male,07/08/2021,4
859,nthaimnu@mysql.com,Nomi,Thaim,Female,12/25/2021,55
860,mfehnernv@dot.gov,Morissa,Fehner,Female,06/14/2021,72
861,tadderleynw@amazon.com,Toiboid,Adderley,Genderfluid,03/25/2021,53
862,ecranglenx@about.com,Emery,Crangle,Male,05/27/2021,33
863,cgwillyamny@marriott.com,Carlynne,Gwillyam,Female,10/24/2020,24
864,blambertonnz@pen.io,Bernarr,Lamberton,Male,05/15/2022,2
865,mkrebero0@businesswire.com,Marget,Kreber,Agender,05/24/2021,1
866,mmeriotto1@cam.ac.uk,Mason,Meriott,Male,09/22/2020,39
867,gfarriaro2@xing.com,Gael,Farriar,Female,11/15/2020,60
868,clutoo3@nsw.gov.au,Chris,Luto,Female,02/22/2022,60
869,apragnello4@nih.gov,Anna-diane,Pragnell,Female,02/17/2022,75
870,ogrimditcho5@newsvine.com,Oates,Grimditch,Male,04/05/2022,73
871,sfoardo6@princeton.edu,Sophie,Foard,Female,11/26/2021,58
872,hvalentimo7@ehow.com,Hazel,Valentim,Female,01/30/2022,32
873,bnerhenyo8@nationalgeographic.com,Babbie,Nerheny,Female,09/28/2021,19
874,mburleso9@mayoclinic.com,Maxim,Burles,Male,07/15/2021,58
875,bclemitsoa@google.com.br,Bernardina,Clemits,Female,04/04/2022,47
876,qyoungsob@opera.com,Queenie,Youngs,Female,12/15/2021,20
877,gbelhomeoc@ihg.com,Gabbie,Belhome,Male,03/11/2021,25
878,blenchenkood@slashdot.org,Brandon,Lenchenko,Non-binary,05/10/2021,90
879,nfaugheyoe@dot.gov,Novelia,Faughey,Female,04/26/2021,62
880,jtarbattof@oaic.gov.au,Jaclin,Tarbatt,Female,01/11/2021,14
881,aashlingog@va.gov,Ashley,Ashling,Male,01/29/2021,48
882,wivashnyovoh@php.net,Welch,Ivashnyov,Male,03/22/2021,68
883,ehegartyoi@hc360.com,Erhard,Hegarty,Male,12/22/2020,85
884,lcammishoj@usnews.com,Lexi,Cammish,Female,11/12/2021,64
885,kleyesok@stanford.edu,Karee,Leyes,Female,10/02/2021,70
886,uickovicol@theguardian.com,Uriel,Ickovic,Male,02/22/2021,64
887,hstylesom@tmall.com,Herta,Styles,Female,02/28/2022,99
888,jmayeson@accuweather.com,Jaime,Mayes,Male,10/29/2021,2
889,broisoo@chron.com,Bess,Rois,Polygender,10/14/2020,82
890,alunaop@canalblog.com,Alverta,Luna,Female,08/22/2020,68
891,tpearleoq@creativecommons.org,Toby,Pearle,Bigender,04/16/2022,51
892,gclemontor@fastcompany.com,Gipsy,Clemont,Female,03/22/2021,97
893,dlosselyongos@slate.com,Dall,Losselyong,Male,08/17/2021,53
894,tjulianot@homestead.com,Tim,Julian,Male,02/07/2022,27
895,lroseou@economist.com,Lucius,Rose,Male,05/15/2021,70
896,dnaisbyov@weather.com,Deena,Naisby,Female,01/30/2021,81
897,mwrassellow@last.fm,Morgan,Wrassell,Male,11/30/2021,8
898,ldabneyox@ucsd.edu,Lucien,Dabney,Male,04/04/2021,42
899,lcolbyoy@constantcontact.com,Lexie,Colby,Bigender,12/06/2021,88
900,hcolleteoz@mozilla.org,Hussein,Collete,Male,11/05/2021,44
901,cwrixonp0@rakuten.co.jp,Chancey,Wrixon,Bigender,09/30/2021,74
902,bhuleattp1@narod.ru,Barth,Huleatt,Agender,08/19/2021,40
903,cmcilvaneyp2@facebook.com,Cinderella,McIlvaney,Female,10/03/2021,24
904,nreallyp3@weebly.com,Natassia,Really,Female,04/06/2021,73
905,zedelmannp4@hud.gov,Zarah,Edelmann,Female,09/16/2021,60
906,aroderp5@soup.io,Ali,Roder,Female,03/01/2021,79
907,asteningp6@cocolog-nifty.com,Agnella,Stening,Female,07/26/2021,8
908,nmaricp7@edublogs.org,Nate,Maric,Male,09/12/2020,37
909,wdantonip8@wufoo.com,Wren,D'Antoni,Female,07/31/2021,42
910,jrodmellp9@vk.com,Josh,Rodmell,Male,08/15/2021,22
911,bcowhigpa@nba.com,Byrann,Cowhig,Male,04/10/2022,55
912,mdragoepb@51.la,Melvyn,Dragoe,Male,06/05/2021,4
913,lcopnarpc@infoseek.co.jp,Lucilia,Copnar,Female,10/23/2020,48
914,rcarsonpd@mashable.com,Ruthann,Carson,Female,06/14/2021,36
915,fkeninghampe@mozilla.org,Fifine,Keningham,Female,12/18/2021,43
916,fwingrovepf@fastcompany.com,Finn,Wingrove,Bigender,11/07/2020,54
917,fkrysztofiakpg@jiathis.com,Faber,Krysztofiak,Bigender,04/22/2021,69
918,dscaleraph@studiopress.com,Douglas,Scalera,Male,07/30/2021,80
919,hsautterpi@mayoclinic.com,Hubey,Sautter,Male,03/30/2021,11
920,etidboldpj@cpanel.net,Evie,Tidbold,Female,04/11/2022,11
921,rgolloppk@4shared.com,Rowen,Gollop,Male,05/28/2021,2
922,ahargeypl@ovh.net,Abraham,Hargey,Polygender,11/23/2021,59
923,tbettesonpm@cloudflare.com,Tisha,Betteson,Female,02/12/2021,39
924,rlilleypn@intel.com,Rollo,Lilley,Male,04/01/2021,38
925,emacveanpo@photobucket.com,Edgardo,MacVean,Bigender,08/19/2021,83
926,ovanyakinpp@chron.com,Orelia,Vanyakin,Female,03/25/2022,95
927,blebrunpq@ihg.com,Britney,Le Brun,Female,11/04/2020,56
928,nbatiepr@apple.com,Nancy,Batie,Female,12/15/2021,46
929,eedkinsps@smh.com.au,Edvard,Edkins,Male,02/26/2022,39
930,abroschkept@cnet.com,Adrian,Broschke,Male,03/09/2022,14
931,gsummersettpu@devhub.com,Guinevere,Summersett,Female,01/04/2022,12
932,lrazzellpv@nps.gov,Lydia,Razzell,Female,03/27/2021,8
933,mgosdenpw@over-blog.com,Marketa,Gosden,Female,05/01/2022,75
934,marnaldopx@storify.com,Marty,Arnaldo,Non-binary,10/18/2020,73
935,cfaugheypy@dion.ne.jp,Carlos,Faughey,Male,03/20/2021,32
936,cdunnpz@nasa.gov,Collette,Dunn,Female,11/04/2020,37
937,kdeplacidoq0@indiatimes.com,Karissa,Deplacido,Female,04/12/2022,79
938,criltonq1@myspace.com,Chick,Rilton,Male,02/25/2022,89
939,brockeyq2@ucoz.ru,Berkley,Rockey,Male,05/30/2021,13
940,vcapponeerq3@lulu.com,Vinita,Capponeer,Female,09/12/2021,34
941,sknottonq4@xing.com,Sol,Knotton,Male,11/06/2020,25
942,dcunradiq5@stumbleupon.com,Dulcinea,Cunradi,Female,04/26/2021,28
943,ccroceq6@unicef.org,Charline,Croce,Agender,04/26/2022,20
944,gjaquetq7@sphinn.com,Ginny,Jaquet,Genderqueer,04/23/2021,70
945,chollyardq8@pinterest.com,Cami,Hollyard,Female,03/18/2021,13
946,mcavendishq9@nytimes.com,Monica,Cavendish,Female,01/14/2022,79
947,abradbeerqa@blogtalkradio.com,Abran,Bradbeer,Male,09/16/2020,73
948,hsneezemqb@free.fr,Halimeda,Sneezem,Female,02/17/2022,14
949,rbritoqc@ebay.co.uk,Ronnie,Brito,Male,08/18/2021,100
950,bhuckabeqd@google.de,Betsy,Huckabe,Female,11/28/2020,76
951,rkaleweqe@opensource.org,Reinwald,Kalewe,Male,04/07/2022,50
952,ddoucetteqf@histats.com,Dougy,Doucette,Male,12/27/2021,61
953,iobeeqg@state.tx.us,Isabelita,Obee,Genderfluid,02/18/2022,66
954,daverayqh@liveinternet.ru,Duffy,Averay,Male,10/27/2020,47
955,canniesqi@moonfruit.com,Cyndy,Annies,Female,10/19/2021,32
956,lcardonqj@patch.com,Lisbeth,Cardon,Female,09/05/2021,43
957,cwinchurstqk@shareasale.com,Cort,Winchurst,Male,04/09/2021,30
958,kgiacomuzziql@php.net,Katee,Giacomuzzi,Female,07/11/2021,99
959,tsabattierqm@cafepress.com,Townsend,Sabattier,Male,09/21/2020,13
960,rjeffryqn@ocn.ne.jp,Roscoe,Jeffry,Male,05/05/2022,14
961,jtruggianqo@mail.ru,Janeta,Truggian,Female,10/19/2021,48
962,thandrockqp@imgur.com,Tilly,Handrock,Female,10/05/2021,43
963,kmoizerqq@edublogs.org,Kristyn,Moizer,Female,02/14/2021,90
964,aknowldenqr@businessinsider.com,Adolphe,Knowlden,Male,01/22/2021,26
965,ahaddockqs@free.fr,Alice,Haddock,Female,01/14/2021,95
966,sdeverallqt@mayoclinic.com,Stacie,Deverall,Female,03/07/2022,51
967,gvannucciniqu@reddit.com,Grannie,Vannuccini,Male,04/10/2021,48
968,hmckeaveneyqv@yellowpages.com,Helsa,McKeaveney,Agender,01/25/2022,25
969,scutridgeqw@oakley.com,Sybyl,Cutridge,Female,02/03/2021,76
970,mmckimqx@flickr.com,Morna,McKim,Female,11/09/2020,82
971,etessymanqy@taobao.com,Emogene,Tessyman,Female,07/08/2021,63
972,cworksqz@gnu.org,Calhoun,Works,Male,08/28/2020,3
973,lpeintonr0@nationalgeographic.com,Leeland,Peinton,Male,02/15/2022,11
974,khillettr1@washingtonpost.com,Kendall,Hillett,Male,02/19/2022,45
975,lruprechterr2@example.com,Lauretta,Ruprechter,Female,09/02/2020,68
976,gbaseker3@list-manage.com,Gaylor,Baseke,Male,01/25/2022,87
977,glawreyr4@uiuc.edu,Gerrie,Lawrey,Male,12/03/2021,95
978,cfeedhamr5@technorati.com,Corrinne,Feedham,Female,04/30/2022,39
979,ctadgellr6@gnu.org,Carlina,Tadgell,Female,04/09/2021,60
980,yarentsr7@msu.edu,Yvon,Arents,Male,05/20/2021,55
981,jrobillardr8@rediff.com,Janis,Robillard,Female,02/05/2021,58
982,winksterr9@bbc.co.uk,Wyatan,Inkster,Male,08/19/2020,19
983,ddebruinra@pinterest.com,David,De Bruin,Male,04/03/2021,19
984,gwrassellrb@blog.com,Giovanni,Wrassell,Male,02/25/2021,94
985,asoutheyrc@constantcontact.com,Anissa,Southey,Agender,09/18/2020,74
986,rripingrd@wisc.edu,Renaud,Riping,Male,11/05/2021,71
987,vstoodersre@slashdot.org,Vasilis,Stooders,Male,03/13/2022,37
988,rnewburyrf@bloglovin.com,Rooney,Newbury,Male,09/21/2021,53
989,kschimankrg@nifty.com,Karylin,Schimank,Female,10/29/2021,45
990,tbernrh@nhs.uk,Tiffie,Bern,Female,02/09/2021,10
991,emckinleyri@nhs.uk,Evania,McKinley,Female,03/07/2022,20
992,wemmetrj@bigcartel.com,Wilie,Emmet,Female,02/21/2022,31
993,flarventrk@comsenz.com,Fayth,Larvent,Polygender,08/17/2021,78
994,nlivoirrl@google.de,Nickolaus,Livoir,Male,04/27/2022,73
995,gwankrm@ifeng.com,Gavan,Wank,Male,04/10/2022,91
996,ubrockleyrn@usda.gov,Uriah,Brockley,Male,01/17/2022,3
997,kstriblingro@icio.us,Kassey,Stribling,Female,09/18/2021,57
998,cedmonsonrp@oakley.com,Constance,Edmonson,Female,11/29/2021,18
999,mahmadrq@cloudflare.com,Marcella,Ahmad,Female,08/31/2021,47
1000,echamberlaynerr@google.ru,Ettore,Chamberlayne,Male,03/24/2021,96
